<Configuration>
<Add OfficeClientEdition="32" Channel="Monthly">
    <Product ID="ProplusRetail">
      <Language ID="es-ES" />
      <ExcludeApp ID="Groove" />
      <ExcludeApp ID="OneDrive" />
    </Product>
</Add>
<Display Level="Full" AcceptEULA="TRUE" />
<Updates Enabled="TRUE" Channel="Monthly" />
</Configuration>
<!--  OInstallSetting Branch=1  -->
<!--  OInstallSetting Office=0  -->
<!--  OInstallSetting Arch=0  -->
<!--  OInstallSetting Redact=1  -->
<!--  OInstallSetting Product=1  -->
<!--  OInstallSetting OnlineKMS=0  -->
<!--  OInstallSetting PATH=  -->
<!--  OInstallSetting Lang0=1  -->
